group_id,course_code,group_type,req_type,min_credits,min_courses
1,ACMB10,AND,PREREQ,0,0
2,ACMC01,AND,PREREQ,0,0
3,ACMC01,AND,COREQ,0,0
4,ACMD01,AND,PREREQ,0,0
5,ACMD01,AND,COREQ,0,0
6,ACMD02,AND,PREREQ,0,0
7,ACMD02,AND,COREQ,0,0
8,ACMD91,AND,PREREQ,0,0
9,ACMD92,AND,PREREQ,0,0
10,ACMD93,AND,PREREQ,0,0
11,ACMD94,AND,PREREQ,0,0
12,ACMD98,AND,PREREQ,0,0
13,ACMD99,AND,PREREQ,0,0
14,AFSC03,AND,PREREQ,0,0
15,AFSC19,AND,PREREQ,0,0
16,AFSC52,AND,PREREQ,0,0
17,AFSC55,AND,PREREQ,0,0
18,AFSC70,AND,PREREQ,0,0
19,AFSD07,AND,PREREQ,0,0
20,AFSD16,AND,PREREQ,0,0
21,AFSD20,AND,PREREQ,0,0
22,AFSD51,AND,PREREQ,0,0
23,AFSD52,AND,PREREQ,0,0
24,AFSD53,AND,PREREQ,0,0
25,ANTB02,AND,PREREQ,0,0
26,ANTB14,AND,PREREQ,0,0
27,ANTB15,AND,PREREQ,0,0
28,ANTB19,AND,PREREQ,0,0
29,ANTB20,AND,PREREQ,0,0
30,ANTB35,AND,PREREQ,0,0
31,ANTB36,AND,PREREQ,0,0
32,ANTB42,AND,PREREQ,0,0
33,ANTB64,AND,PREREQ,0,0
34,ANTB80,AND,PREREQ,0,0
35,ANTC07,AND,PREREQ,0,0
36,ANTC09,AND,PREREQ,0,0
37,ANTC10,AND,PREREQ,0,0
38,ANTC14,AND,PREREQ,0,0
39,ANTC15,AND,PREREQ,0,0
40,ANTC16,AND,PREREQ,0,0
41,ANTC18,AND,PREREQ,0,0
42,ANTC19,AND,PREREQ,0,0
43,ANTC20,AND,PREREQ,0,0
44,ANTC21,AND,PREREQ,0,0
45,ANTC22,AND,PREREQ,0,0
46,ANTC24,AND,PREREQ,0,0
47,ANTC25,AND,PREREQ,0,0
48,ANTC27,AND,PREREQ,0,0
49,ANTC28,AND,PREREQ,0,0
50,ANTC30,AND,PREREQ,0,0
51,ANTC31,AND,PREREQ,0,0
52,ANTC32,AND,PREREQ,0,0
53,ANTC33,AND,PREREQ,0,0
54,ANTC34,AND,PREREQ,0,0
55,ANTC44,AND,PREREQ,0,0
56,ANTC47,AND,PREREQ,0,0
57,ANTC48,AND,PREREQ,0,0
58,ANTC52,AND,PREREQ,0,0
59,ANTC53,AND,PREREQ,0,0
60,ANTC55,AND,PREREQ,0,0
61,ANTC58,AND,PREREQ,0,0
62,ANTC59,AND,PREREQ,0,0
63,ANTC61,AND,PREREQ,0,0
64,ANTC65,AND,PREREQ,0,0
65,ANTC66,AND,PREREQ,0,0
66,ANTC69,AND,PREREQ,0,0
67,ANTC70,AND,PREREQ,0,0
68,ANTC71,AND,PREREQ,0,0
69,ANTC80,AND,PREREQ,0,0
70,ANTC88,AND,PREREQ,0,0
71,ANTC90,AND,PREREQ,0,0
72,ANTC99,AND,PREREQ,0,0
73,ANTD04,AND,PREREQ,0,0
74,ANTD05,AND,PREREQ,0,0
75,ANTD06,AND,PREREQ,0,0
76,ANTD07,AND,PREREQ,0,0
77,ANTD10,AND,PREREQ,0,0
78,ANTD13,AND,PREREQ,0,0
79,ANTD15,AND,PREREQ,0,0
80,ANTD16,AND,PREREQ,0,0
81,ANTD17,AND,PREREQ,0,0
82,ANTD18,AND,PREREQ,0,0
83,ANTD19,AND,PREREQ,0,0
84,ANTD20,AND,PREREQ,0,0
85,ANTD22,AND,PREREQ,0,0
86,ANTD25,AND,PREREQ,0,0
87,ANTD26,AND,PREREQ,0,0
88,ANTD33,AND,PREREQ,0,0
89,ANTD35,AND,PREREQ,0,0
90,ANTD40,AND,PREREQ,0,0
91,ANTD41,AND,PREREQ,0,0
92,ANTD50,AND,PREREQ,0,0
93,ANTD60,AND,PREREQ,0,0
94,ANTD70,AND,PREREQ,0,0
95,ANTD71,AND,PREREQ,0,0
96,ANTD98,AND,PREREQ,0,0
97,ANTD99,AND,PREREQ,0,0
98,ASTB03,AND,PREREQ,0,0
99,ASTB23,AND,PREREQ,0,0
100,ASTB23,AND,COREQ,0,0
101,ASTC02,AND,PREREQ,0,0
102,ASTC25,AND,PREREQ,0,0
103,ASTC25,AND,COREQ,0,0
104,BIOA01,AND,PREREQ,0,0
105,BIOA02,AND,PREREQ,0,0
106,BIOB10,AND,PREREQ,0,0
107,BIOB11,AND,PREREQ,0,0
108,BIOB12,AND,PREREQ,0,0
109,BIOB12,AND,COREQ,0,0
110,BIOB20,AND,PREREQ,0,0
111,BIOB33,AND,PREREQ,0,0
112,BIOB34,AND,PREREQ,0,0
113,BIOB35,AND,PREREQ,0,0
114,BIOB38,AND,PREREQ,0,0
115,BIOB50,AND,PREREQ,0,0
116,BIOB51,AND,PREREQ,0,0
117,BIOB52,AND,PREREQ,0,0
118,BIOB52,AND,COREQ,0,0
119,BIOB98,AND,PREREQ,0,0
120,BIOB99,AND,PREREQ,0,0
121,BIOC10,AND,PREREQ,0,0
122,BIOC12,AND,PREREQ,0,0
123,BIOC13,AND,PREREQ,0,0
124,BIOC14,AND,PREREQ,0,0
125,BIOC15,AND,PREREQ,0,0
126,BIOC16,AND,PREREQ,0,0
127,BIOC17,AND,PREREQ,0,0
128,BIOC18,AND,PREREQ,0,0
129,BIOC19,AND,PREREQ,0,0
130,BIOC20,AND,PREREQ,0,0
131,BIOC21,AND,PREREQ,0,0
132,BIOC23,AND,PREREQ,0,0
133,BIOC29,AND,PREREQ,0,0
134,BIOC30,AND,PREREQ,0,0
135,BIOC31,AND,PREREQ,0,0
136,BIOC32,AND,PREREQ,0,0
137,BIOC34,AND,PREREQ,0,0
138,BIOC35,AND,PREREQ,0,0
139,BIOC37,AND,PREREQ,0,0
140,BIOC39,AND,PREREQ,0,0
141,BIOC40,AND,PREREQ,0,0
142,BIOC44,AND,PREREQ,0,0
143,BIOC50,AND,PREREQ,0,0
144,BIOC51,AND,PREREQ,0,0
145,BIOC54,AND,PREREQ,0,0
146,BIOC58,AND,PREREQ,0,0
147,BIOC59,AND,PREREQ,0,0
148,BIOC60,AND,PREREQ,0,0
149,BIOC61,AND,PREREQ,0,0
150,BIOC62,AND,PREREQ,0,0
151,BIOC63,AND,PREREQ,0,0
152,BIOC65,AND,PREREQ,0,0
153,BIOC70,AND,PREREQ,0,0
154,BIOC90,AND,PREREQ,0,0
155,BIOC99,AND,PREREQ,0,0
156,BIOD06,AND,PREREQ,0,0
157,BIOD07,AND,PREREQ,0,0
158,BIOD08,AND,PREREQ,0,0
159,BIOD12,AND,PREREQ,0,0
160,BIOD13,AND,PREREQ,0,0
161,BIOD15,AND,PREREQ,0,0
162,BIOD17,AND,PREREQ,0,0
163,BIOD18,AND,PREREQ,0,0
164,BIOD19,AND,PREREQ,0,0
165,BIOD20,AND,PREREQ,0,0
166,BIOD21,AND,PREREQ,0,0
167,BIOD21,AND,COREQ,0,0
168,BIOD22,AND,PREREQ,0,0
169,BIOD23,AND,PREREQ,0,0
170,BIOD24,AND,PREREQ,0,0
171,BIOD25,AND,PREREQ,0,0
172,BIOD26,AND,PREREQ,0,0
173,BIOD27,AND,PREREQ,0,0
174,BIOD29,AND,PREREQ,0,0
175,BIOD30,AND,PREREQ,0,0
176,BIOD33,AND,PREREQ,0,0
177,BIOD34,AND,PREREQ,0,0
178,BIOD36,AND,PREREQ,0,0
179,BIOD37,AND,PREREQ,0,0
180,BIOD43,AND,PREREQ,0,0
181,BIOD45,AND,PREREQ,0,0
182,BIOD48,AND,PREREQ,0,0
183,BIOD52,AND,PREREQ,0,0
184,BIOD53,AND,PREREQ,0,0
185,BIOD54,AND,PREREQ,0,0
186,BIOD55,AND,PREREQ,0,0
187,BIOD59,AND,PREREQ,0,0
188,BIOD60,AND,PREREQ,0,0
189,BIOD62,AND,PREREQ,0,0
190,BIOD63,AND,PREREQ,0,0
191,BIOD65,AND,PREREQ,0,0
192,BIOD66,AND,PREREQ,0,0
193,BIOD67,AND,PREREQ,0,0
194,BIOD98,AND,PREREQ,0,0
195,BIOD99,AND,PREREQ,0,0
196,CHMA11,AND,PREREQ,0,0
197,CHMA12,AND,PREREQ,0,0
198,CHMB16,AND,PREREQ,0,0
199,CHMB20,AND,PREREQ,0,0
200,CHMB21,AND,PREREQ,0,0
201,CHMB23,AND,PREREQ,0,0
202,CHMB31,AND,PREREQ,0,0
203,CHMB41,AND,PREREQ,0,0
204,CHMB42,AND,PREREQ,0,0
205,CHMB43,AND,PREREQ,0,0
206,CHMB55,AND,PREREQ,0,0
207,CHMB62,AND,PREREQ,0,0
208,CHMC11,AND,PREREQ,0,0
209,CHMC16,AND,PREREQ,0,0
210,CHMC20,AND,PREREQ,0,0
211,CHMC21,AND,PREREQ,0,0
212,CHMC31,AND,PREREQ,0,0
213,CHMC42,AND,PREREQ,0,0
214,CHMC47,AND,PREREQ,0,0
215,CHMC71,AND,PREREQ,0,0
216,CHMD11,AND,PREREQ,0,0
217,CHMD16,AND,PREREQ,0,0
218,CHMD41,AND,PREREQ,0,0
219,CHMD47,AND,PREREQ,0,0
220,CHMD59,AND,PREREQ,0,0
221,CHMD69,AND,PREREQ,0,0
222,CHMD89,AND,PREREQ,0,0
223,CHMD90,AND,PREREQ,0,0
224,CHMD91,AND,PREREQ,0,0
225,CITB01,AND,PREREQ,0,0
226,CITB03,AND,PREREQ,0,0
227,CITB04,AND,PREREQ,0,0
228,CITB05,AND,PREREQ,0,0
229,CITB07,AND,PREREQ,0,0
230,CITB08,AND,PREREQ,0,0
231,CITC01,AND,PREREQ,0,0
232,CITC02,AND,PREREQ,0,0
233,CITC03,AND,PREREQ,0,0
234,CITC04,AND,PREREQ,0,0
235,CITC07,AND,PREREQ,0,0
236,CITC08,AND,PREREQ,0,0
237,CITC09,AND,PREREQ,0,0
238,CITC10,AND,PREREQ,0,0
239,CITC12,AND,PREREQ,0,0
240,CITC14,AND,PREREQ,0,0
241,CITC15,AND,PREREQ,0,0
242,CITC16,AND,PREREQ,0,0
243,CITC17,AND,PREREQ,0,0
244,CITC18,AND,PREREQ,0,0
245,CITC54,AND,PREREQ,0,0
246,CITD01,AND,PREREQ,0,0
247,CITD05,AND,PREREQ,0,0
248,CITD06,AND,PREREQ,0,0
249,CITD10,AND,PREREQ,0,0
250,CITD12,AND,PREREQ,0,0
251,CITD30,AND,PREREQ,0,0
252,CLAC01,AND,PREREQ,0,0
253,CLAC02,AND,PREREQ,0,0
254,CLAC05,AND,PREREQ,0,0
255,CLAC11,AND,PREREQ,0,0
256,CLAC12,AND,PREREQ,0,0
257,CLAC22,AND,PREREQ,0,0
258,CLAC24,AND,PREREQ,0,0
259,CLAC26,AND,PREREQ,0,0
260,CLAC67,AND,PREREQ,0,0
261,CLAC68,AND,PREREQ,0,0
262,CLAC94,AND,PREREQ,0,0
263,CLAD05,AND,PREREQ,0,0
264,CLAD69,AND,PREREQ,0,0
265,COPB10,AND,PREREQ,0,0
266,COPB11,AND,PREREQ,0,0
267,COPB12,AND,PREREQ,0,0
268,COPB13,AND,PREREQ,0,0
269,COPB14,AND,PREREQ,0,0
270,COPB31,AND,PREREQ,0,0
271,COPB33,AND,PREREQ,0,0
272,COPB50,AND,PREREQ,0,0
273,COPB54,AND,PREREQ,0,0
274,COPB56,AND,PREREQ,0,0
275,COPB57,AND,PREREQ,0,0
276,COPB58,AND,PREREQ,0,0
277,COPB59,AND,PREREQ,0,0
278,COPC01,AND,PREREQ,0,0
279,COPC02,AND,PREREQ,0,0
280,COPC03,AND,PREREQ,0,0
281,COPC04,AND,PREREQ,0,0
282,COPC05,AND,PREREQ,0,0
283,COPC99,AND,PREREQ,0,0
284,CRTB01,AND,PREREQ,0,0
285,CRTC72,AND,PREREQ,0,0
286,CRTC80,AND,PREREQ,0,0
287,CRTD43,AND,PREREQ,0,0
288,CRTD44,AND,PREREQ,0,0
289,CSCA08,AND,PREREQ,0,0
290,CSCA48,AND,PREREQ,0,0
291,CSCA67,AND,PREREQ,0,0
292,CSCB07,AND,PREREQ,0,0
293,CSCB09,AND,PREREQ,0,0
294,CSCB20,AND,PREREQ,0,0
295,CSCB36,AND,PREREQ,0,0
296,CSCB58,AND,PREREQ,0,0
297,CSCB63,AND,PREREQ,0,0
298,CSCB63,AND,COREQ,0,0
299,CSCC01,AND,PREREQ,0,0
300,CSCC09,AND,PREREQ,0,0
301,CSCC09,AND,COREQ,0,0
302,CSCC10,AND,PREREQ,0,0
303,CSCC11,AND,PREREQ,0,0
304,CSCC24,AND,PREREQ,0,0
305,CSCC37,AND,PREREQ,0,0
306,CSCC43,AND,PREREQ,0,0
307,CSCC46,AND,PREREQ,0,0
308,CSCC63,AND,PREREQ,0,0
309,CSCC69,AND,PREREQ,0,0
310,CSCC73,AND,PREREQ,0,0
311,CSCC85,AND,PREREQ,0,0
312,CSCD01,AND,PREREQ,0,0
313,CSCD03,AND,PREREQ,0,0
314,CSCD18,AND,PREREQ,0,0
315,CSCD21,AND,PREREQ,0,0
316,CSCD25,AND,PREREQ,0,0
317,CSCD27,AND,PREREQ,0,0
318,CSCD37,AND,PREREQ,0,0
319,CSCD43,AND,PREREQ,0,0
320,CSCD54,AND,PREREQ,0,0
321,CSCD54,AND,COREQ,0,0
322,CSCD58,AND,PREREQ,0,0
323,CSCD70,AND,PREREQ,0,0
324,CSCD84,AND,PREREQ,0,0
325,CSCD90,AND,PREREQ,0,0
326,CSCD90,AND,COREQ,0,0
327,CSCD92,AND,PREREQ,0,0
328,CSCD94,AND,PREREQ,0,0
329,CSCD95,AND,PREREQ,0,0
330,CTLA01,AND,PREREQ,0,0
331,CTLA02,AND,PREREQ,0,0
332,CTLB03,AND,PREREQ,0,0
333,DTSB02,AND,PREREQ,0,0
334,ECTB66,AND,PREREQ,0,0
335,ECTC60,AND,PREREQ,0,0
336,ECTC61,AND,PREREQ,0,0
337,ECTC62,AND,PREREQ,0,0
338,ECTC63,AND,PREREQ,0,0
339,ECTC64,AND,PREREQ,0,0
340,ECTC65,AND,PREREQ,0,0
341,ECTC66,AND,PREREQ,0,0
342,ECTC67,AND,PREREQ,0,0
343,ECTD60,AND,PREREQ,0,0
344,ECTD63,AND,PREREQ,0,0
345,ECTD65,AND,PREREQ,0,0
346,ECTD66,AND,PREREQ,0,0
347,ECTD67,AND,PREREQ,0,0
348,ECTD68,AND,PREREQ,0,0
349,ECTD69,AND,PREREQ,0,0
350,ECTD70,AND,PREREQ,0,0
351,EESB02,AND,PREREQ,0,0
352,EESB03,AND,PREREQ,0,0
353,EESB04,AND,PREREQ,0,0
354,EESB05,AND,PREREQ,0,0
355,EESB15,AND,PREREQ,0,0
356,EESB16,AND,PREREQ,0,0
357,EESB17,AND,PREREQ,0,0
358,EESB19,AND,PREREQ,0,0
359,EESB20,AND,PREREQ,0,0
360,EESB22,AND,PREREQ,0,0
361,EESB26,AND,PREREQ,0,0
362,EESB26,AND,COREQ,0,0
363,EESC02,AND,PREREQ,0,0
364,EESC03,AND,PREREQ,0,0
365,EESC03,AND,COREQ,0,0
366,EESC04,AND,PREREQ,0,0
367,EESC07,AND,PREREQ,0,0
368,EESC13,AND,PREREQ,0,0
369,EESC13,AND,COREQ,0,0
370,EESC16,AND,PREREQ,0,0
371,EESC18,AND,PREREQ,0,0
372,EESC19,AND,PREREQ,0,0
373,EESC20,AND,PREREQ,0,0
374,EESC22,AND,PREREQ,0,0
375,EESC25,AND,PREREQ,0,0
376,EESC26,AND,PREREQ,0,0
377,EESC30,AND,PREREQ,0,0
378,EESC31,AND,PREREQ,0,0
379,EESC33,AND,PREREQ,0,0
380,EESC34,AND,PREREQ,0,0
381,EESC36,AND,PREREQ,0,0
382,EESC37,AND,PREREQ,0,0
383,EESC38,AND,PREREQ,0,0
384,EESD02,AND,PREREQ,0,0
385,EESD06,AND,PREREQ,0,0
386,EESD07,AND,PREREQ,0,0
387,EESD09,AND,PREREQ,0,0
388,EESD10,AND,PREREQ,0,0
389,EESD11,AND,PREREQ,0,0
390,EESD13,AND,PREREQ,0,0
391,EESD15,AND,PREREQ,0,0
392,EESD16,AND,PREREQ,0,0
393,EESD17,AND,PREREQ,0,0
394,EESD18,AND,PREREQ,0,0
395,EESD19,AND,PREREQ,0,0
396,EESD20,AND,PREREQ,0,0
397,EESD21,AND,PREREQ,0,0
398,EESD28,AND,PREREQ,0,0
399,EESD31,AND,PREREQ,0,0
400,EESD33,AND,PREREQ,0,0
401,ENGA03,AND,PREREQ,0,0
402,ENGB01,AND,PREREQ,0,0
403,ENGB29,AND,PREREQ,0,0
404,ENGB60,AND,PREREQ,0,0
405,ENGB61,AND,PREREQ,0,0
406,ENGB63,AND,PREREQ,0,0
407,ENGB72,AND,PREREQ,0,0
408,ENGC02,AND,PREREQ,0,0
409,ENGC03,AND,PREREQ,0,0
410,ENGC04,AND,PREREQ,0,0
411,ENGC05,AND,PREREQ,0,0
412,ENGC06,AND,PREREQ,0,0
413,ENGC07,AND,PREREQ,0,0
414,ENGC08,AND,PREREQ,0,0
415,ENGC09,AND,PREREQ,0,0
416,ENGC10,AND,PREREQ,0,0
417,ENGC11,AND,PREREQ,0,0
418,ENGC12,AND,PREREQ,0,0
419,ENGC13,AND,PREREQ,0,0
420,ENGC14,AND,PREREQ,0,0
421,ENGC15,AND,PREREQ,0,0
422,ENGC16,AND,PREREQ,0,0
423,ENGC17,AND,PREREQ,0,0
424,ENGC18,AND,PREREQ,0,0
425,ENGC19,AND,PREREQ,0,0
426,ENGC20,AND,PREREQ,0,0
427,ENGC21,AND,PREREQ,0,0
428,ENGC22,AND,PREREQ,0,0
429,ENGC23,AND,PREREQ,0,0
430,ENGC24,AND,PREREQ,0,0
431,ENGC25,AND,PREREQ,0,0
432,ENGC26,AND,PREREQ,0,0
433,ENGC27,AND,PREREQ,0,0
434,ENGC28,AND,PREREQ,0,0
435,ENGC29,AND,PREREQ,0,0
436,ENGC30,AND,PREREQ,0,0
437,ENGC31,AND,PREREQ,0,0
438,ENGC33,AND,PREREQ,0,0
439,ENGC34,AND,PREREQ,0,0
440,ENGC35,AND,PREREQ,0,0
441,ENGC36,AND,PREREQ,0,0
442,ENGC37,AND,PREREQ,0,0
443,ENGC38,AND,PREREQ,0,0
444,ENGC39,AND,PREREQ,0,0
445,ENGC40,AND,PREREQ,0,0
446,ENGC41,AND,PREREQ,0,0
447,ENGC42,AND,PREREQ,0,0
448,ENGC43,AND,PREREQ,0,0
449,ENGC45,AND,PREREQ,0,0
450,ENGC46,AND,PREREQ,0,0
451,ENGC47,AND,PREREQ,0,0
452,ENGC48,AND,PREREQ,0,0
453,ENGC49,AND,PREREQ,0,0
454,ENGC50,AND,PREREQ,0,0
455,ENGC51,AND,PREREQ,0,0
456,ENGC54,AND,PREREQ,0,0
457,ENGC59,AND,PREREQ,0,0
458,ENGC60,AND,PREREQ,0,0
459,ENGC61,AND,PREREQ,0,0
460,ENGC62,AND,PREREQ,0,0
461,ENGC69,AND,PREREQ,0,0
462,ENGC70,AND,PREREQ,0,0
463,ENGC71,AND,PREREQ,0,0
464,ENGC74,AND,PREREQ,0,0
465,ENGC79,AND,PREREQ,0,0
466,ENGC80,AND,PREREQ,0,0
467,ENGC86,AND,PREREQ,0,0
468,ENGC87,AND,PREREQ,0,0
469,ENGC88,AND,PREREQ,0,0
470,ENGC89,AND,PREREQ,0,0
471,ENGC90,AND,PREREQ,0,0
472,ENGC91,AND,PREREQ,0,0
473,ENGD02,AND,PREREQ,0,0
474,ENGD05,AND,PREREQ,0,0
475,ENGD07,AND,PREREQ,0,0
476,ENGD08,AND,PREREQ,0,0
477,ENGD13,AND,PREREQ,0,0
478,ENGD19,AND,PREREQ,0,0
479,ENGD22,AND,PREREQ,0,0
480,ENGD26,AND,PREREQ,0,0
481,ENGD27,AND,PREREQ,0,0
482,ENGD28,AND,PREREQ,0,0
483,ENGD29,AND,PREREQ,0,0
484,ENGD31,AND,PREREQ,0,0
485,ENGD33,AND,PREREQ,0,0
486,ENGD42,AND,PREREQ,0,0
487,ENGD48,AND,PREREQ,0,0
488,ENGD50,AND,PREREQ,0,0
489,ENGD53,AND,PREREQ,0,0
490,ENGD54,AND,PREREQ,0,0
491,ENGD55,AND,PREREQ,0,0
492,ENGD57,AND,PREREQ,0,0
493,ENGD58,AND,PREREQ,0,0
494,ENGD71,AND,PREREQ,0,0
495,ENGD80,AND,PREREQ,0,0
496,ENGD84,AND,PREREQ,0,0
497,ENGD89,AND,PREREQ,0,0
498,ENGD90,AND,PREREQ,0,0
499,ENGD95,AND,PREREQ,0,0
500,ENGD98,AND,PREREQ,0,0
501,ESTB02,AND,PREREQ,0,0
502,ESTB04,AND,PREREQ,0,0
503,ESTB05,AND,PREREQ,0,0
504,ESTC34,AND,PREREQ,0,0
505,ESTC35,AND,PREREQ,0,0
506,ESTC36,AND,PREREQ,0,0
507,ESTC37,AND,PREREQ,0,0
508,ESTC38,AND,PREREQ,0,0
509,ESTC40,AND,PREREQ,0,0
510,ESTD16,AND,PREREQ,0,0
511,ESTD17,AND,PREREQ,0,0
512,ESTD18,AND,PREREQ,0,0
513,ESTD19,AND,PREREQ,0,0
514,ESTD20,AND,PREREQ,0,0
515,FLMC44,AND,PREREQ,0,0
516,FLMC55,AND,PREREQ,0,0
517,FLMC56,AND,PREREQ,0,0
518,FLMC75,AND,PREREQ,0,0
519,FLMC78,AND,PREREQ,0,0
520,FLMC81,AND,PREREQ,0,0
521,FLMC82,AND,PREREQ,0,0
522,FLMC83,AND,PREREQ,0,0
523,FLMC84,AND,PREREQ,0,0
524,FLMC92,AND,PREREQ,0,0
525,FLMC93,AND,PREREQ,0,0
526,FLMC94,AND,PREREQ,0,0
527,FLMC95,AND,PREREQ,0,0
528,FLMD52,AND,PREREQ,0,0
529,FLMD62,AND,PREREQ,0,0
530,FLMD91,AND,PREREQ,0,0
531,FLMD93,AND,PREREQ,0,0
532,FLMD94,AND,PREREQ,0,0
533,FLMD96,AND,PREREQ,0,0
534,FREA01,AND,PREREQ,0,0
535,FREA02,AND,PREREQ,0,0
536,FREA97,AND,PREREQ,0,0
537,FREA98,AND,PREREQ,0,0
538,FREA99,AND,PREREQ,0,0
539,FREB01,AND,PREREQ,0,0
540,FREB02,AND,PREREQ,0,0
541,FREB08,AND,PREREQ,0,0
542,FREB11,AND,PREREQ,0,0
543,FREB17,AND,PREREQ,0,0
544,FREB18,AND,PREREQ,0,0
545,FREB20,AND,PREREQ,0,0
546,FREB22,AND,PREREQ,0,0
547,FREB27,AND,PREREQ,0,0
548,FREB28,AND,PREREQ,0,0
549,FREB35,AND,PREREQ,0,0
550,FREB36,AND,PREREQ,0,0
551,FREB37,AND,PREREQ,0,0
552,FREB44,AND,PREREQ,0,0
553,FREB45,AND,PREREQ,0,0
554,FREB46,AND,PREREQ,0,0
555,FREB50,AND,PREREQ,0,0
556,FREB50,AND,COREQ,0,0
557,FREB51,AND,PREREQ,0,0
558,FREB55,AND,PREREQ,0,0
559,FREB70,AND,PREREQ,0,0
560,FREB84,AND,PREREQ,0,0
561,FREC01,AND,PREREQ,0,0
562,FREC02,AND,PREREQ,0,0
563,FREC03,AND,PREREQ,0,0
564,FREC04,AND,PREREQ,0,0
565,FREC10,AND,PREREQ,0,0
566,FREC10,AND,COREQ,0,0
567,FREC11,AND,PREREQ,0,0
568,FREC18,AND,PREREQ,0,0
569,FREC18,AND,COREQ,0,0
570,FREC44,AND,PREREQ,0,0
571,FREC46,AND,PREREQ,0,0
572,FREC47,AND,PREREQ,0,0
573,FREC48,AND,PREREQ,0,0
574,FREC54,AND,PREREQ,0,0
575,FREC57,AND,PREREQ,0,0
576,FREC58,AND,PREREQ,0,0
577,FREC63,AND,PREREQ,0,0
578,FREC64,AND,PREREQ,0,0
579,FREC70,AND,PREREQ,0,0
580,FREC83,AND,PREREQ,0,0
581,FRED01,AND,PREREQ,0,0
582,FRED06,AND,PREREQ,0,0
583,FRED13,AND,PREREQ,0,0
584,FRED14,AND,PREREQ,0,0
585,FRED28,AND,PREREQ,0,0
586,FSTC02,AND,PREREQ,0,0
587,FSTC05,AND,PREREQ,0,0
588,FSTC13,AND,PREREQ,0,0
589,FSTC15,AND,PREREQ,0,0
590,FSTC29,AND,PREREQ,0,0
591,FSTC43,AND,PREREQ,0,0
592,FSTC54,AND,PREREQ,0,0
593,FSTD01,AND,PREREQ,0,0
594,FSTD02,AND,PREREQ,0,0
595,FSTD10,AND,PREREQ,0,0
596,FSTD11,AND,PREREQ,0,0
597,FSTD12,AND,PREREQ,0,0
598,FSTD16,AND,PREREQ,0,0
599,GASB05,AND,PREREQ,0,0
600,GASB12,AND,PREREQ,0,0
601,GASB42,AND,PREREQ,0,0
602,GASB58,AND,PREREQ,0,0
603,GASB73,AND,PREREQ,0,0
604,GASC13,AND,PREREQ,0,0
605,GASC20,AND,PREREQ,0,0
606,GASC33,AND,PREREQ,0,0
607,GASC40,AND,PREREQ,0,0
608,GASC41,AND,PREREQ,0,0
609,GASC42,AND,PREREQ,0,0
610,GASC43,AND,PREREQ,0,0
611,GASC45,AND,PREREQ,0,0
612,GASC48,AND,PREREQ,0,0
613,GASC50,AND,PREREQ,0,0
614,GASC51,AND,PREREQ,0,0
615,GASC53,AND,PREREQ,0,0
616,GASC57,AND,PREREQ,0,0
617,GASC59,AND,PREREQ,0,0
618,GASC73,AND,PREREQ,0,0
619,GASC74,AND,PREREQ,0,0
620,GASD01,AND,PREREQ,0,0
621,GASD03,AND,PREREQ,0,0
622,GASD06,AND,PREREQ,0,0
623,GASD13,AND,PREREQ,0,0
624,GASD20,AND,PREREQ,0,0
625,GASD30,AND,PREREQ,0,0
626,GASD40,AND,PREREQ,0,0
627,GASD53,AND,PREREQ,0,0
628,GASD54,AND,PREREQ,0,0
629,GASD55,AND,PREREQ,0,0
630,GASD56,AND,PREREQ,0,0
631,GASD58,AND,PREREQ,0,0
632,GASD59,AND,PREREQ,0,0
633,GGRB02,AND,PREREQ,0,0
634,GGRB03,AND,PREREQ,0,0
635,GGRB05,AND,PREREQ,0,0
636,GGRB13,AND,PREREQ,0,0
637,GGRB18,AND,PREREQ,0,0
638,GGRB28,AND,PREREQ,0,0
639,GGRB32,AND,PREREQ,0,0
640,GGRB55,AND,PREREQ,0,0
641,GGRC02,AND,PREREQ,0,0
642,GGRC09,AND,PREREQ,0,0
643,GGRC10,AND,PREREQ,0,0
644,GGRC11,AND,PREREQ,0,0
645,GGRC12,AND,PREREQ,0,0
646,GGRC13,AND,PREREQ,0,0
647,GGRC15,AND,PREREQ,0,0
648,GGRC21,AND,PREREQ,0,0
649,GGRC24,AND,PREREQ,0,0
650,GGRC25,AND,PREREQ,0,0
651,GGRC26,AND,PREREQ,0,0
652,GGRC27,AND,PREREQ,0,0
653,GGRC28,AND,PREREQ,0,0
654,GGRC30,AND,PREREQ,0,0
655,GGRC31,AND,PREREQ,0,0
656,GGRC32,AND,PREREQ,0,0
657,GGRC33,AND,PREREQ,0,0
658,GGRC34,AND,PREREQ,0,0
659,GGRC40,AND,PREREQ,0,0
660,GGRC41,AND,PREREQ,0,0
661,GGRC42,AND,PREREQ,0,0
662,GGRC43,AND,PREREQ,0,0
663,GGRC44,AND,PREREQ,0,0
664,GGRC48,AND,PREREQ,0,0
665,GGRC50,AND,PREREQ,0,0
666,GGRC54,AND,PREREQ,0,0
667,GGRD08,AND,PREREQ,0,0
668,GGRD09,AND,PREREQ,0,0
669,GGRD10,AND,PREREQ,0,0
670,GGRD11,AND,PREREQ,0,0
671,GGRD13,AND,PREREQ,0,0
672,GGRD14,AND,PREREQ,0,0
673,GGRD15,AND,PREREQ,0,0
674,GGRD16,AND,PREREQ,0,0
675,GGRD25,AND,PREREQ,0,0
676,GGRD30,AND,PREREQ,0,0
677,GGRD31,AND,PREREQ,0,0
678,GGRD49,AND,PREREQ,0,0
679,GLBC01,AND,PREREQ,0,0
680,HCSB03,AND,PREREQ,0,0
681,HCSB04,AND,PREREQ,0,0
682,HCSC01,AND,PREREQ,0,0
683,HCSD05,AND,PREREQ,0,0
684,HISB58,AND,PREREQ,0,0
685,HISC01,AND,PREREQ,0,0
686,HISC02,AND,PREREQ,0,0
687,HISC03,AND,PREREQ,0,0
688,HISC07,AND,PREREQ,0,0
689,HISC08,AND,PREREQ,0,0
690,HISC09,AND,PREREQ,0,0
691,HISC10,AND,PREREQ,0,0
692,HISC11,AND,PREREQ,0,0
693,HISC16,AND,PREREQ,0,0
694,HISC18,AND,PREREQ,0,0
695,HISC20,AND,PREREQ,0,0
696,HISC22,AND,PREREQ,0,0
697,HISC29,AND,PREREQ,0,0
698,HISC30,AND,PREREQ,0,0
699,HISC32,AND,PREREQ,0,0
700,HISC33,AND,PREREQ,0,0
701,HISC34,AND,PREREQ,0,0
702,HISC36,AND,PREREQ,0,0
703,HISC45,AND,PREREQ,0,0
704,HISC46,AND,PREREQ,0,0
705,HISC51,AND,PREREQ,0,0
706,HISC52,AND,PREREQ,0,0
707,HISC55,AND,PREREQ,0,0
708,HISC56,AND,PREREQ,0,0
709,HISC57,AND,PREREQ,0,0
710,HISC58,AND,PREREQ,0,0
711,HISC59,AND,PREREQ,0,0
712,HISC60,AND,PREREQ,0,0
713,HISC65,AND,PREREQ,0,0
714,HISC66,AND,PREREQ,0,0
715,HISC67,AND,PREREQ,0,0
716,HISC68,AND,PREREQ,0,0
717,HISC70,AND,PREREQ,0,0
718,HISC71,AND,PREREQ,0,0
719,HISC73,AND,PREREQ,0,0
720,HISC75,AND,PREREQ,0,0
721,HISC76,AND,PREREQ,0,0
722,HISC77,AND,PREREQ,0,0
723,HISC94,AND,PREREQ,0,0
724,HISC96,AND,PREREQ,0,0
725,HISD01,AND,PREREQ,0,0
726,HISD02,AND,PREREQ,0,0
727,HISD03,AND,PREREQ,0,0
728,HISD05,AND,PREREQ,0,0
729,HISD06,AND,PREREQ,0,0
730,HISD07,AND,PREREQ,0,0
731,HISD08,AND,PREREQ,0,0
732,HISD09,AND,PREREQ,0,0
733,HISD10,AND,PREREQ,0,0
734,HISD12,AND,PREREQ,0,0
735,HISD14,AND,PREREQ,0,0
736,HISD16,AND,PREREQ,0,0
737,HISD18,AND,PREREQ,0,0
738,HISD21,AND,PREREQ,0,0
739,HISD25,AND,PREREQ,0,0
740,HISD31,AND,PREREQ,0,0
741,HISD32,AND,PREREQ,0,0
742,HISD33,AND,PREREQ,0,0
743,HISD34,AND,PREREQ,0,0
744,HISD35,AND,PREREQ,0,0
745,HISD36,AND,PREREQ,0,0
746,HISD44,AND,PREREQ,0,0
747,HISD45,AND,PREREQ,0,0
748,HISD46,AND,PREREQ,0,0
749,HISD47,AND,PREREQ,0,0
750,HISD48,AND,PREREQ,0,0
751,HISD49,AND,PREREQ,0,0
752,HISD50,AND,PREREQ,0,0
753,HISD51,AND,PREREQ,0,0
754,HISD52,AND,PREREQ,0,0
755,HISD53,AND,PREREQ,0,0
756,HISD54,AND,PREREQ,0,0
757,HISD55,AND,PREREQ,0,0
758,HISD56,AND,PREREQ,0,0
759,HISD57,AND,PREREQ,0,0
760,HISD58,AND,PREREQ,0,0
761,HISD59,AND,PREREQ,0,0
762,HISD60,AND,PREREQ,0,0
763,HISD63,AND,PREREQ,0,0
764,HISD64,AND,PREREQ,0,0
765,HISD65,AND,PREREQ,0,0
766,HISD66,AND,PREREQ,0,0
767,HISD69,AND,PREREQ,0,0
768,HISD71,AND,PREREQ,0,0
769,HISD93,AND,PREREQ,0,0
770,HISD95,AND,PREREQ,0,0
771,HLTA03,AND,PREREQ,0,0
772,HLTA20,AND,PREREQ,0,0
773,HLTB11,AND,PREREQ,0,0
774,HLTB15,AND,PREREQ,0,0
775,HLTB16,AND,PREREQ,0,0
776,HLTB20,AND,PREREQ,0,0
777,HLTB22,AND,PREREQ,0,0
778,HLTB24,AND,PREREQ,0,0
779,HLTB27,AND,PREREQ,0,0
780,HLTB33,AND,PREREQ,0,0
781,HLTB40,AND,PREREQ,0,0
782,HLTB41,AND,PREREQ,0,0
783,HLTB42,AND,PREREQ,0,0
784,HLTB44,AND,PREREQ,0,0
785,HLTB50,AND,PREREQ,0,0
786,HLTB60,AND,PREREQ,0,0
787,HLTB80,AND,PREREQ,0,0
788,HLTB80,AND,COREQ,0,0
789,HLTC02,AND,PREREQ,0,0
790,HLTC04,AND,PREREQ,0,0
791,HLTC16,AND,PREREQ,0,0
792,HLTC17,AND,PREREQ,0,0
793,HLTC19,AND,PREREQ,0,0
794,HLTC20,AND,PREREQ,0,0
795,HLTC22,AND,PREREQ,0,0
796,HLTC23,AND,PREREQ,0,0
797,HLTC24,AND,PREREQ,0,0
798,HLTC25,AND,PREREQ,0,0
799,HLTC26,AND,PREREQ,0,0
800,HLTC27,AND,PREREQ,0,0
801,HLTC28,AND,PREREQ,0,0
802,HLTC29,AND,PREREQ,0,0
803,HLTC30,AND,PREREQ,0,0
804,HLTC31,AND,PREREQ,0,0
805,HLTC42,AND,PREREQ,0,0
806,HLTC43,AND,PREREQ,0,0
807,HLTC44,AND,PREREQ,0,0
808,HLTC46,AND,PREREQ,0,0
809,HLTC47,AND,PREREQ,0,0
810,HLTC48,AND,PREREQ,0,0
811,HLTC49,AND,PREREQ,0,0
812,HLTC50,AND,PREREQ,0,0
813,HLTC51,AND,PREREQ,0,0
814,HLTC52,AND,PREREQ,0,0
815,HLTC53,AND,PREREQ,0,0
816,HLTC55,AND,PREREQ,0,0
817,HLTC60,AND,PREREQ,0,0
818,HLTC81,AND,PREREQ,0,0
819,HLTD05,AND,PREREQ,0,0
820,HLTD06,AND,PREREQ,0,0
821,HLTD07,AND,PREREQ,0,0
822,HLTD08,AND,PREREQ,0,0
823,HLTD09,AND,PREREQ,0,0
824,HLTD11,AND,PREREQ,0,0
825,HLTD13,AND,PREREQ,0,0
826,HLTD18,AND,PREREQ,0,0
827,HLTD20,AND,PREREQ,0,0
828,HLTD21,AND,PREREQ,0,0
829,HLTD22,AND,PREREQ,0,0
830,HLTD23,AND,PREREQ,0,0
831,HLTD23,AND,COREQ,0,0
832,HLTD25,AND,PREREQ,0,0
833,HLTD26,AND,PREREQ,0,0
834,HLTD27,AND,PREREQ,0,0
835,HLTD28,AND,PREREQ,0,0
836,HLTD29,AND,PREREQ,0,0
837,HLTD40,AND,PREREQ,0,0
838,HLTD44,AND,PREREQ,0,0
839,HLTD46,AND,PREREQ,0,0
840,HLTD47,AND,PREREQ,0,0
841,HLTD48,AND,PREREQ,0,0
842,HLTD49,AND,PREREQ,0,0
843,HLTD50,AND,PREREQ,0,0
844,HLTD51,AND,PREREQ,0,0
845,HLTD52,AND,PREREQ,0,0
846,HLTD53,AND,PREREQ,0,0
847,HLTD54,AND,PREREQ,0,0
848,HLTD56,AND,PREREQ,0,0
849,HLTD71,AND,PREREQ,0,0
850,HLTD80,AND,PREREQ,0,0
851,HLTD81,AND,PREREQ,0,0
852,HLTD82,AND,PREREQ,0,0
853,HLTD96,AND,PREREQ,0,0
854,IDSB01,AND,PREREQ,0,0
855,IDSB02,AND,PREREQ,0,0
856,IDSB04,AND,PREREQ,0,0
857,IDSB06,AND,PREREQ,0,0
858,IDSB10,AND,PREREQ,0,0
859,IDSB11,AND,PREREQ,0,0
860,IDSC01,AND,PREREQ,0,0
861,IDSC02,AND,PREREQ,0,0
862,IDSC04,AND,PREREQ,0,0
863,IDSC07,AND,PREREQ,0,0
864,IDSC08,AND,PREREQ,0,0
865,IDSC11,AND,PREREQ,0,0
866,IDSC12,AND,PREREQ,0,0
867,IDSC13,AND,PREREQ,0,0
868,IDSC14,AND,PREREQ,0,0
869,IDSC15,AND,PREREQ,0,0
870,IDSC16,AND,PREREQ,0,0
871,IDSC17,AND,PREREQ,0,0
872,IDSC18,AND,PREREQ,0,0
873,IDSC19,AND,PREREQ,0,0
874,IDSC20,AND,PREREQ,0,0
875,IDSC21,AND,PREREQ,0,0
876,IDSC22,AND,PREREQ,0,0
877,IDSD02,AND,PREREQ,0,0
878,IDSD05,AND,PREREQ,0,0
879,IDSD06,AND,PREREQ,0,0
880,IDSD07,AND,PREREQ,0,0
881,IDSD08,AND,PREREQ,0,0
882,IDSD16,AND,PREREQ,0,0
883,IDSD19,AND,PREREQ,0,0
884,IDSD20,AND,PREREQ,0,0
885,IDSD90,AND,PREREQ,0,0
886,JOUA02,AND,PREREQ,0,0
887,JOUA06,AND,PREREQ,0,0
888,JOUA06,AND,COREQ,0,0
889,JOUB01,AND,PREREQ,0,0
890,JOUB02,AND,PREREQ,0,0
891,JOUB03,AND,PREREQ,0,0
892,JOUB03,AND,COREQ,0,0
893,JOUB11,AND,PREREQ,0,0
894,JOUB11,AND,COREQ,0,0
895,JOUB14,AND,PREREQ,0,0
896,JOUB14,AND,COREQ,0,0
897,JOUB18,AND,PREREQ,0,0
898,JOUB18,AND,COREQ,0,0
899,JOUB19,AND,PREREQ,0,0
900,JOUB19,AND,COREQ,0,0
901,JOUB20,AND,PREREQ,0,0
902,JOUB20,AND,COREQ,0,0
903,JOUB21,AND,PREREQ,0,0
904,JOUB39,AND,PREREQ,0,0
905,JOUC13,AND,PREREQ,0,0
906,JOUC13,AND,COREQ,0,0
907,JOUC18,AND,PREREQ,0,0
908,JOUC18,AND,COREQ,0,0
909,JOUC19,AND,PREREQ,0,0
910,JOUC19,AND,COREQ,0,0
911,JOUC21,AND,PREREQ,0,0
912,JOUC21,AND,COREQ,0,0
913,JOUC22,AND,PREREQ,0,0
914,JOUC22,AND,COREQ,0,0
915,JOUC25,AND,PREREQ,0,0
916,JOUC25,AND,COREQ,0,0
917,JOUC30,AND,PREREQ,0,0
918,JOUC31,AND,PREREQ,0,0
919,JOUC60,AND,PREREQ,0,0
920,JOUC62,AND,PREREQ,0,0
921,JOUC80,AND,PREREQ,0,0
922,JOUD10,AND,PREREQ,0,0
923,JOUD11,AND,PREREQ,0,0
924,JOUD12,AND,PREREQ,0,0
925,JOUD13,AND,PREREQ,0,0
926,LGGA12,AND,PREREQ,0,0
927,LGGA61,AND,PREREQ,0,0
928,LGGA65,AND,PREREQ,0,0
929,LGGA71,AND,PREREQ,0,0
930,LGGA75,AND,PREREQ,0,0
931,LGGA81,AND,PREREQ,0,0
932,LGGB60,AND,PREREQ,0,0
933,LGGB61,AND,PREREQ,0,0
934,LGGB62,AND,PREREQ,0,0
935,LGGB63,AND,PREREQ,0,0
936,LGGB71,AND,PREREQ,0,0
937,LGGB74,AND,PREREQ,0,0
938,LGGC60,AND,PREREQ,0,0
939,LGGC61,AND,PREREQ,0,0
940,LGGC70,AND,PREREQ,0,0
941,LGGD66,AND,PREREQ,0,0
942,LGGD67,AND,PREREQ,0,0
943,LINA02,AND,PREREQ,0,0
944,LINB04,AND,PREREQ,0,0
945,LINB06,AND,PREREQ,0,0
946,LINB09,AND,PREREQ,0,0
947,LINB10,AND,PREREQ,0,0
948,LINB10,AND,COREQ,0,0
949,LINB19,AND,PREREQ,0,0
950,LINB20,AND,PREREQ,0,0
951,LINB29,AND,PREREQ,0,0
952,LINB30,AND,PREREQ,0,0
953,LINB60,AND,PREREQ,0,0
954,LINB62,AND,PREREQ,0,0
955,LINC02,AND,PREREQ,0,0
956,LINC10,AND,PREREQ,0,0
957,LINC11,AND,PREREQ,0,0
958,LINC12,AND,PREREQ,0,0
959,LINC13,AND,PREREQ,0,0
960,LINC28,AND,PREREQ,0,0
961,LINC29,AND,PREREQ,0,0
962,LINC35,AND,PREREQ,0,0
963,LINC35,AND,COREQ,0,0
964,LINC47,AND,PREREQ,0,0
965,LINC61,AND,PREREQ,0,0
966,LINC98,AND,PREREQ,0,0
967,LIND01,AND,PREREQ,0,0
968,LIND02,AND,PREREQ,0,0
969,LIND03,AND,PREREQ,0,0
970,LIND07,AND,PREREQ,0,0
971,LIND09,AND,PREREQ,0,0
972,LIND11,AND,PREREQ,0,0
973,LIND29,AND,PREREQ,0,0
974,LIND46,AND,PREREQ,0,0
975,MATA22,AND,PREREQ,0,0
976,MATA23,AND,PREREQ,0,0
977,MATA29,AND,PREREQ,0,0
978,MATA30,AND,PREREQ,0,0
979,MATA34,AND,PREREQ,0,0
980,MATA35,AND,PREREQ,0,0
981,MATA36,AND,PREREQ,0,0
982,MATB24,AND,PREREQ,0,0
983,MATB41,AND,PREREQ,0,0
984,MATB42,AND,PREREQ,0,0
985,MATB43,AND,PREREQ,0,0
986,MATB44,AND,PREREQ,0,0
987,MATB44,AND,COREQ,0,0
988,MATB61,AND,PREREQ,0,0
989,MATC01,AND,PREREQ,0,0
990,MATC09,AND,PREREQ,0,0
991,MATC15,AND,PREREQ,0,0
992,MATC27,AND,PREREQ,0,0
993,MATC32,AND,PREREQ,0,0
994,MATC34,AND,PREREQ,0,0
995,MATC37,AND,PREREQ,0,0
996,MATC44,AND,PREREQ,0,0
997,MATC46,AND,PREREQ,0,0
998,MATC46,AND,COREQ,0,0
999,MATC58,AND,PREREQ,0,0
1000,MATC63,AND,PREREQ,0,0
1001,MATC82,AND,PREREQ,0,0
1002,MATC90,AND,PREREQ,0,0
1003,MATD01,AND,PREREQ,0,0
1004,MATD02,AND,PREREQ,0,0
1005,MATD02,AND,COREQ,0,0
1006,MATD09,AND,PREREQ,0,0
1007,MATD16,AND,PREREQ,0,0
1008,MATD26,AND,PREREQ,0,0
1009,MATD34,AND,PREREQ,0,0
1010,MATD35,AND,PREREQ,0,0
1011,MATD44,AND,PREREQ,0,0
1012,MATD50,AND,PREREQ,0,0
1013,MATD67,AND,PREREQ,0,0
1014,MATD92,AND,PREREQ,0,0
1015,MATD93,AND,PREREQ,0,0
1016,MATD94,AND,PREREQ,0,0
1017,MATD95,AND,PREREQ,0,0
1018,MBTB11,AND,PREREQ,0,0
1019,MBTB12,AND,PREREQ,0,0
1020,MBTB13,AND,PREREQ,0,0
1021,MBTB13,AND,COREQ,0,0
1022,MBTB30,AND,PREREQ,0,0
1023,MBTB41,AND,PREREQ,0,0
1024,MBTB41,AND,COREQ,0,0
1025,MBTB50,AND,PREREQ,0,0
1026,MBTB50,AND,COREQ,0,0
1027,MBTB51,AND,PREREQ,0,0
1028,MBTC52,AND,PREREQ,0,0
1029,MBTC52,AND,COREQ,0,0
1030,MBTC60,AND,PREREQ,0,0
1031,MBTC62,AND,PREREQ,0,0
1032,MBTC62,AND,COREQ,0,0
1033,MBTC63,AND,PREREQ,0,0
1034,MBTC63,AND,COREQ,0,0
1035,MBTC66,AND,PREREQ,0,0
1036,MBTC67,AND,PREREQ,0,0
1037,MBTC67,AND,COREQ,0,0
1038,MBTC68,AND,PREREQ,0,0
1039,MBTC68,AND,COREQ,0,0
1040,MBTC70,AND,PREREQ,0,0
1041,MBTC70,AND,COREQ,0,0
1042,MBTC71,AND,PREREQ,0,0
1043,MBTC72,AND,PREREQ,0,0
1044,MBTC72,AND,COREQ,0,0
1045,MBTC73,AND,PREREQ,0,0
1046,MBTC73,AND,COREQ,0,0
1047,MBTC74,AND,PREREQ,0,0
1048,MBTC75,AND,PREREQ,0,0
1049,MBTC75,AND,COREQ,0,0
1050,MBTC82,AND,PREREQ,0,0
1051,MBTC82,AND,COREQ,0,0
1052,MBTC98,AND,PREREQ,0,0
1053,MBTC98,AND,COREQ,0,0
1054,MBTD99,AND,PREREQ,0,0
1055,MBTD99,AND,COREQ,0,0
1056,MDSB12,AND,PREREQ,0,0
1057,MDSB13,AND,PREREQ,0,0
1058,MDSB16,AND,PREREQ,0,0
1059,MDSB17,AND,PREREQ,0,0
1060,MDSB20,AND,PREREQ,0,0
1061,MDSB21,AND,PREREQ,0,0
1062,MDSB22,AND,PREREQ,0,0
1063,MDSB23,AND,PREREQ,0,0
1064,MDSB28,AND,PREREQ,0,0
1065,MDSB29,AND,PREREQ,0,0
1066,MDSB30,AND,PREREQ,0,0
1067,MDSB31,AND,PREREQ,0,0
1068,MDSB32,AND,PREREQ,0,0
1069,MDSB33,AND,PREREQ,0,0
1070,MDSB34,AND,PREREQ,0,0
1071,MDSB35,AND,PREREQ,0,0
1072,MDSC10,AND,PREREQ,0,0
1073,MDSC11,AND,PREREQ,0,0
1074,MDSC12,AND,PREREQ,0,0
1075,MDSC13,AND,PREREQ,0,0
1076,MDSC14,AND,PREREQ,0,0
1077,MDSC20,AND,PREREQ,0,0
1078,MDSC21,AND,PREREQ,0,0
1079,MDSC22,AND,PREREQ,0,0
1080,MDSC24,AND,PREREQ,0,0
1081,MDSC25,AND,PREREQ,0,0
1082,MDSC26,AND,PREREQ,0,0
1083,MDSC27,AND,PREREQ,0,0
1084,MDSC28,AND,PREREQ,0,0
1085,MDSC29,AND,PREREQ,0,0
1086,MDSC30,AND,PREREQ,0,0
1087,MDSC31,AND,PREREQ,0,0
1088,MDSC32,AND,PREREQ,0,0
1089,MDSC33,AND,PREREQ,0,0
1090,MDSC34,AND,PREREQ,0,0
1091,MDSC36,AND,PREREQ,0,0
1092,MDSC37,AND,PREREQ,0,0
1093,MDSC85,AND,PREREQ,0,0
1094,MDSD10,AND,PREREQ,0,0
1095,MDSD20,AND,PREREQ,0,0
1096,MDSD30,AND,PREREQ,0,0
1097,MGAB02,AND,PREREQ,0,0
1098,MGAB03,AND,PREREQ,0,0
1099,MGAC01,AND,PREREQ,0,0
1100,MGAC02,AND,PREREQ,0,0
1101,MGAC03,AND,PREREQ,0,0
1102,MGAC10,AND,PREREQ,0,0
1103,MGAC50,AND,PREREQ,0,0
1104,MGAC70,AND,PREREQ,0,0
1105,MGAC80,AND,PREREQ,0,0
1106,MGAD20,AND,PREREQ,0,0
1107,MGAD40,AND,PREREQ,0,0
1108,MGAD45,AND,PREREQ,0,0
1109,MGAD50,AND,PREREQ,0,0
1110,MGAD60,AND,PREREQ,0,0
1111,MGAD65,AND,PREREQ,0,0
1112,MGAD70,AND,PREREQ,0,0
1113,MGAD80,AND,PREREQ,0,0
1114,MGAD85,AND,PREREQ,0,0
1115,MGEB01,AND,PREREQ,0,0
1116,MGEB02,AND,PREREQ,0,0
1117,MGEB05,AND,PREREQ,0,0
1118,MGEB06,AND,PREREQ,0,0
1119,MGEB11,AND,PREREQ,0,0
1120,MGEB12,AND,PREREQ,0,0
1121,MGEB31,AND,PREREQ,0,0
1122,MGEB32,AND,PREREQ,0,0
1123,MGEB32,AND,COREQ,0,0
1124,MGEC02,AND,PREREQ,0,0
1125,MGEC06,AND,PREREQ,0,0
1126,MGEC08,AND,PREREQ,0,0
1127,MGEC11,AND,PREREQ,0,0
1128,MGEC20,AND,PREREQ,0,0
1129,MGEC22,AND,PREREQ,0,0
1130,MGEC25,AND,PREREQ,0,0
1131,MGEC26,AND,PREREQ,0,0
1132,MGEC31,AND,PREREQ,0,0
1133,MGEC32,AND,PREREQ,0,0
1134,MGEC34,AND,PREREQ,0,0
1135,MGEC37,AND,PREREQ,0,0
1136,MGEC38,AND,PREREQ,0,0
1137,MGEC40,AND,PREREQ,0,0
1138,MGEC41,AND,PREREQ,0,0
1139,MGEC45,AND,PREREQ,0,0
1140,MGEC51,AND,PREREQ,0,0
1141,MGEC54,AND,PREREQ,0,0
1142,MGEC58,AND,PREREQ,0,0
1143,MGEC61,AND,PREREQ,0,0
1144,MGEC62,AND,PREREQ,0,0
1145,MGEC65,AND,PREREQ,0,0
1146,MGEC71,AND,PREREQ,0,0
1147,MGEC72,AND,PREREQ,0,0
1148,MGEC81,AND,PREREQ,0,0
1149,MGEC82,AND,PREREQ,0,0
1150,MGEC91,AND,PREREQ,0,0
1151,MGEC92,AND,PREREQ,0,0
1152,MGEC93,AND,PREREQ,0,0
1153,MGED02,AND,PREREQ,0,0
1154,MGED06,AND,PREREQ,0,0
1155,MGED11,AND,PREREQ,0,0
1156,MGED25,AND,PREREQ,0,0
1157,MGED26,AND,PREREQ,0,0
1158,MGED43,AND,PREREQ,0,0
1159,MGED50,AND,PREREQ,0,0
1160,MGED50,AND,COREQ,0,0
1161,MGED63,AND,PREREQ,0,0
1162,MGED70,AND,PREREQ,0,0
1163,MGFB10,AND,PREREQ,0,0
1164,MGFC10,AND,PREREQ,0,0
1165,MGFC20,AND,PREREQ,0,0
1166,MGFC50,AND,PREREQ,0,0
1167,MGFC60,AND,PREREQ,0,0
1168,MGFC85,AND,PREREQ,0,0
1169,MGFD15,AND,PREREQ,0,0
1170,MGFD25,AND,PREREQ,0,0
1171,MGFD25,AND,COREQ,0,0
1172,MGFD30,AND,PREREQ,0,0
1173,MGFD40,AND,PREREQ,0,0
1174,MGFD50,AND,PREREQ,0,0
1175,MGFD70,AND,PREREQ,0,0
1176,MGFD85,AND,PREREQ,0,0
1177,MGHB02,AND,PREREQ,0,0
1178,MGHC02,AND,PREREQ,0,0
1179,MGHC23,AND,PREREQ,0,0
1180,MGHC50,AND,PREREQ,0,0
1181,MGHC51,AND,PREREQ,0,0
1182,MGHC52,AND,PREREQ,0,0
1183,MGHC53,AND,PREREQ,0,0
1184,MGHC55,AND,PREREQ,0,0
1185,MGHD14,AND,PREREQ,0,0
1186,MGHD24,AND,PREREQ,0,0
1187,MGHD25,AND,PREREQ,0,0
1188,MGHD26,AND,PREREQ,0,0
1189,MGHD27,AND,PREREQ,0,0
1190,MGHD28,AND,PREREQ,0,0
1191,MGHD60,AND,PREREQ,0,0
1192,MGIA01,AND,PREREQ,0,0
1193,MGIB01,AND,PREREQ,0,0
1194,MGIC01,AND,PREREQ,0,0
1195,MGIC02,AND,PREREQ,0,0
1196,MGID40,AND,PREREQ,0,0
1197,MGID79,AND,PREREQ,0,0
1198,MGMA01,AND,PREREQ,0,0
1199,MGMB01,AND,PREREQ,0,0
1200,MGMC01,AND,PREREQ,0,0
1201,MGMC02,AND,PREREQ,0,0
1202,MGMC11,AND,PREREQ,0,0
1203,MGMC12,AND,PREREQ,0,0
1204,MGMC13,AND,PREREQ,0,0
1205,MGMC14,AND,PREREQ,0,0
1206,MGMC40,AND,PREREQ,0,0
1207,MGMD01,AND,PREREQ,0,0
1208,MGMD02,AND,PREREQ,0,0
1209,MGMD10,AND,PREREQ,0,0
1210,MGMD11,AND,PREREQ,0,0
1211,MGMD19,AND,PREREQ,0,0
1212,MGMD20,AND,PREREQ,0,0
1213,MGMD21,AND,PREREQ,0,0
1214,MGOC10,AND,PREREQ,0,0
1215,MGOC15,AND,PREREQ,0,0
1216,MGOC15,AND,COREQ,0,0
1217,MGOC20,AND,PREREQ,0,0
1218,MGOC50,AND,PREREQ,0,0
1219,MGOC50,AND,COREQ,0,0
1220,MGOD31,AND,PREREQ,0,0
1221,MGOD40,AND,PREREQ,0,0
1222,MGOD40,AND,COREQ,0,0
1223,MGOD50,AND,PREREQ,0,0
1224,MGSB01,AND,PREREQ,0,0
1225,MGSB22,AND,PREREQ,0,0
1226,MGSC01,AND,PREREQ,0,0
1227,MGSC03,AND,PREREQ,0,0
1228,MGSC05,AND,PREREQ,0,0
1229,MGSC07,AND,PREREQ,0,0
1230,MGSC07,AND,COREQ,0,0
1231,MGSC10,AND,PREREQ,0,0
1232,MGSC12,AND,PREREQ,0,0
1233,MGSC14,AND,PREREQ,0,0
1234,MGSC20,AND,PREREQ,0,0
1235,MGSC26,AND,PREREQ,0,0
1236,MGSC30,AND,PREREQ,0,0
1237,MGSC35,AND,PREREQ,0,0
1238,MGSC44,AND,PREREQ,0,0
1239,MGSC91,AND,PREREQ,0,0
1240,MGSD01,AND,PREREQ,0,0
1241,MGSD15,AND,PREREQ,0,0
1242,MGSD24,AND,PREREQ,0,0
1243,MGSD30,AND,PREREQ,0,0
1244,MGSD32,AND,PREREQ,0,0
1245,MGSD40,AND,PREREQ,0,0
1246,MGSD55,AND,PREREQ,0,0
1247,MGSD91,AND,PREREQ,0,0
1248,MGTA02,AND,PREREQ,0,0
1249,MGTC28,AND,PREREQ,0,0
1250,MUZA61,AND,PREREQ,0,0
1251,MUZA63,AND,PREREQ,0,0
1252,MUZA65,AND,PREREQ,0,0
1253,MUZA81,AND,PREREQ,0,0
1254,MUZB01,AND,PREREQ,0,0
1255,MUZB02,AND,PREREQ,0,0
1256,MUZB21,AND,PREREQ,0,0
1257,MUZB41,AND,PREREQ,0,0
1258,MUZB60,AND,PREREQ,0,0
1259,MUZB61,AND,PREREQ,0,0
1260,MUZB62,AND,PREREQ,0,0
1261,MUZB63,AND,PREREQ,0,0
1262,MUZB64,AND,PREREQ,0,0
1263,MUZB65,AND,PREREQ,0,0
1264,MUZB66,AND,PREREQ,0,0
1265,MUZB67,AND,PREREQ,0,0
1266,MUZB80,AND,PREREQ,0,0
1267,MUZB81,AND,PREREQ,0,0
1268,MUZC01,AND,PREREQ,0,0
1269,MUZC02,AND,PREREQ,0,0
1270,MUZC20,AND,PREREQ,0,0
1271,MUZC21,AND,PREREQ,0,0
1272,MUZC22,AND,PREREQ,0,0
1273,MUZC23,AND,PREREQ,0,0
1274,MUZC40,AND,PREREQ,0,0
1275,MUZC41,AND,PREREQ,0,0
1276,MUZC42,AND,PREREQ,0,0
1277,MUZC43,AND,PREREQ,0,0
1278,MUZC60,AND,PREREQ,0,0
1279,MUZC61,AND,PREREQ,0,0
1280,MUZC62,AND,PREREQ,0,0
1281,MUZC63,AND,PREREQ,0,0
1282,MUZC64,AND,PREREQ,0,0
1283,MUZC65,AND,PREREQ,0,0
1284,MUZC80,AND,PREREQ,0,0
1285,MUZC81,AND,PREREQ,0,0
1286,MUZD01,AND,PREREQ,0,0
1287,MUZD80,AND,PREREQ,0,0
1288,MUZD81,AND,PREREQ,0,0
1289,NMEA01,AND,PREREQ,0,0
1290,NMEA01,AND,COREQ,0,0
1291,NMEA02,AND,PREREQ,0,0
1292,NMEA02,AND,COREQ,0,0
1293,NMEA03,AND,PREREQ,0,0
1294,NMEA03,AND,COREQ,0,0
1295,NMEA04,AND,PREREQ,0,0
1296,NMEA04,AND,COREQ,0,0
1297,NMEB05,AND,PREREQ,0,0
1298,NMEB06,AND,PREREQ,0,0
1299,NMEB06,AND,COREQ,0,0
1300,NMEB08,AND,PREREQ,0,0
1301,NMEB09,AND,PREREQ,0,0
1302,NMEB09,AND,COREQ,0,0
1303,NMEB10,AND,PREREQ,0,0
1304,NMEB10,AND,COREQ,0,0
1305,NMEC01,AND,PREREQ,0,0
1306,NMED10,AND,PREREQ,0,0
1307,NROB60,AND,PREREQ,0,0
1308,NROB61,AND,PREREQ,0,0
1309,NROB61,AND,COREQ,0,0
1310,NROC36,AND,PREREQ,0,0
1311,NROC60,AND,PREREQ,0,0
1312,NROC60,AND,COREQ,0,0
1313,NROC61,AND,PREREQ,0,0
1314,NROC63,AND,PREREQ,0,0
1315,NROC63,AND,COREQ,0,0
1316,NROC64,AND,PREREQ,0,0
1317,NROC69,AND,PREREQ,0,0
1318,NROC90,AND,PREREQ,0,0
1319,NROC93,AND,PREREQ,0,0
1320,NROD60,AND,PREREQ,0,0
1321,NROD60,AND,COREQ,0,0
1322,NROD61,AND,PREREQ,0,0
1323,NROD66,AND,PREREQ,0,0
1324,NROD67,AND,PREREQ,0,0
1325,NROD98,AND,PREREQ,0,0
1326,NROD98,AND,COREQ,0,0
1327,PHLB18,AND,PREREQ,0,0
1328,PHLB18,AND,COREQ,0,0
1329,PHLB99,AND,PREREQ,0,0
1330,PHLC03,AND,PREREQ,0,0
1331,PHLC05,AND,PREREQ,0,0
1332,PHLC06,AND,PREREQ,0,0
1333,PHLC07,AND,PREREQ,0,0
1334,PHLC08,AND,PREREQ,0,0
1335,PHLC09,AND,PREREQ,0,0
1336,PHLC10,AND,PREREQ,0,0
1337,PHLC13,AND,PREREQ,0,0
1338,PHLC14,AND,PREREQ,0,0
1339,PHLC20,AND,PREREQ,0,0
1340,PHLC22,AND,PREREQ,0,0
1341,PHLC31,AND,PREREQ,0,0
1342,PHLC32,AND,PREREQ,0,0
1343,PHLC35,AND,PREREQ,0,0
1344,PHLC36,AND,PREREQ,0,0
1345,PHLC37,AND,PREREQ,0,0
1346,PHLC43,AND,PREREQ,0,0
1347,PHLC45,AND,PREREQ,0,0
1348,PHLC51,AND,PREREQ,0,0
1349,PHLC60,AND,PREREQ,0,0
1350,PHLC72,AND,PREREQ,0,0
1351,PHLC80,AND,PREREQ,0,0
1352,PHLC86,AND,PREREQ,0,0
1353,PHLC89,AND,PREREQ,0,0
1354,PHLC92,AND,PREREQ,0,0
1355,PHLC93,AND,PREREQ,0,0
1356,PHLC95,AND,PREREQ,0,0
1357,PHLC99,AND,PREREQ,0,0
1358,PHLD05,AND,PREREQ,0,0
1359,PHLD09,AND,PREREQ,0,0
1360,PHLD20,AND,PREREQ,0,0
1361,PHLD31,AND,PREREQ,0,0
1362,PHLD35,AND,PREREQ,0,0
1363,PHLD36,AND,PREREQ,0,0
1364,PHLD43,AND,PREREQ,0,0
1365,PHLD51,AND,PREREQ,0,0
1366,PHLD78,AND,PREREQ,0,0
1367,PHLD85,AND,PREREQ,0,0
1368,PHLD86,AND,PREREQ,0,0
1369,PHLD87,AND,PREREQ,0,0
1370,PHLD88,AND,PREREQ,0,0
1371,PHLD89,AND,PREREQ,0,0
1372,PHYA10,AND,PREREQ,0,0
1373,PHYA10,AND,COREQ,0,0
1374,PHYA11,AND,PREREQ,0,0
1375,PHYA11,AND,COREQ,0,0
1376,PHYA21,AND,PREREQ,0,0
1377,PHYA21,AND,COREQ,0,0
1378,PHYA22,AND,PREREQ,0,0
1379,PHYA22,AND,COREQ,0,0
1380,PHYB01,AND,PREREQ,0,0
1381,PHYB10,AND,PREREQ,0,0
1382,PHYB10,AND,COREQ,0,0
1383,PHYB21,AND,PREREQ,0,0
1384,PHYB21,AND,COREQ,0,0
1385,PHYB52,AND,PREREQ,0,0
1386,PHYB52,AND,COREQ,0,0
1387,PHYB54,AND,PREREQ,0,0
1388,PHYB54,AND,COREQ,0,0
1389,PHYB56,AND,PREREQ,0,0
1390,PHYB56,AND,COREQ,0,0
1391,PHYB57,AND,PREREQ,0,0
1392,PHYB57,AND,COREQ,0,0
1393,PHYC11,AND,PREREQ,0,0
1394,PHYC14,AND,PREREQ,0,0
1395,PHYC50,AND,PREREQ,0,0
1396,PHYC54,AND,PREREQ,0,0
1397,PHYC56,AND,PREREQ,0,0
1398,PHYC83,AND,PREREQ,0,0
1399,PHYC83,AND,COREQ,0,0
1400,PHYD01,AND,PREREQ,0,0
1401,PHYD02,AND,PREREQ,0,0
1402,PHYD26,AND,PREREQ,0,0
1403,PHYD27,AND,PREREQ,0,0
1404,PHYD28,AND,PREREQ,0,0
1405,PHYD37,AND,PREREQ,0,0
1406,PHYD38,AND,PREREQ,0,0
1407,PHYD57,AND,PREREQ,0,0
1408,PHYD72,AND,PREREQ,0,0
1409,PLIC24,AND,PREREQ,0,0
1410,PLIC25,AND,PREREQ,0,0
1411,PLIC54,AND,PREREQ,0,0
1412,PLIC55,AND,PREREQ,0,0
1413,PLIC55,AND,COREQ,0,0
1414,PLIC75,AND,PREREQ,0,0
1415,PLID01,AND,PREREQ,0,0
1416,PLID02,AND,PREREQ,0,0
1417,PLID03,AND,PREREQ,0,0
1418,PLID07,AND,PREREQ,0,0
1419,PLID34,AND,PREREQ,0,0
1420,PLID44,AND,PREREQ,0,0
1421,PLID50,AND,PREREQ,0,0
1422,PLID53,AND,PREREQ,0,0
1423,PLID56,AND,PREREQ,0,0
1424,PLID74,AND,PREREQ,0,0
1425,PMDB22,AND,PREREQ,0,0
1426,PMDB22,AND,COREQ,0,0
1427,PMDB25,AND,PREREQ,0,0
1428,PMDB30,AND,PREREQ,0,0
1429,PMDB30,AND,COREQ,0,0
1430,PMDB32,AND,PREREQ,0,0
1431,PMDB32,AND,COREQ,0,0
1432,PMDB33,AND,PREREQ,0,0
1433,PMDB33,AND,COREQ,0,0
1434,PMDB36,AND,PREREQ,0,0
1435,PMDB41,AND,PREREQ,0,0
1436,PMDC40,AND,PREREQ,0,0
1437,PMDC40,AND,COREQ,0,0
1438,PMDC42,AND,PREREQ,0,0
1439,PMDC42,AND,COREQ,0,0
1440,PMDC43,AND,PREREQ,0,0
1441,PMDC43,AND,COREQ,0,0
1442,PMDC54,AND,PREREQ,0,0
1443,PMDC54,AND,COREQ,0,0
1444,PMDC56,AND,PREREQ,0,0
1445,PMDC56,AND,COREQ,0,0
1446,POLB30,AND,PREREQ,0,0
1447,POLB40,AND,PREREQ,0,0
1448,POLB56,AND,PREREQ,0,0
1449,POLB57,AND,PREREQ,0,0
1450,POLB72,AND,PREREQ,0,0
1451,POLB80,AND,PREREQ,0,0
1452,POLB81,AND,PREREQ,0,0
1453,POLB90,AND,PREREQ,0,0
1454,POLB91,AND,PREREQ,0,0
1455,POLC07,AND,PREREQ,0,0
1456,POLC09,AND,PREREQ,0,0
1457,POLC11,AND,PREREQ,0,0
1458,POLC12,AND,PREREQ,0,0
1459,POLC13,AND,PREREQ,0,0
1460,POLC16,AND,PREREQ,0,0
1461,POLC21,AND,PREREQ,0,0
1462,POLC22,AND,PREREQ,0,0
1463,POLC30,AND,PREREQ,0,0
1464,POLC30,AND,COREQ,0,0
1465,POLC31,AND,PREREQ,0,0
1466,POLC32,AND,PREREQ,0,0
1467,POLC33,AND,PREREQ,0,0
1468,POLC34,AND,PREREQ,0,0
1469,POLC35,AND,PREREQ,0,0
1470,POLC36,AND,PREREQ,0,0
1471,POLC37,AND,PREREQ,0,0
1472,POLC38,AND,PREREQ,0,0
1473,POLC39,AND,PREREQ,0,0
1474,POLC40,AND,PREREQ,0,0
1475,POLC42,AND,PREREQ,0,0
1476,POLC43,AND,PREREQ,0,0
1477,POLC44,AND,PREREQ,0,0
1478,POLC45,AND,PREREQ,0,0
1479,POLC52,AND,PREREQ,0,0
1480,POLC53,AND,PREREQ,0,0
1481,POLC54,AND,PREREQ,0,0
1482,POLC56,AND,PREREQ,0,0
1483,POLC57,AND,PREREQ,0,0
1484,POLC58,AND,PREREQ,0,0
1485,POLC65,AND,PREREQ,0,0
1486,POLC69,AND,PREREQ,0,0
1487,POLC70,AND,PREREQ,0,0
1488,POLC71,AND,PREREQ,0,0
1489,POLC72,AND,PREREQ,0,0
1490,POLC73,AND,PREREQ,0,0
1491,POLC74,AND,PREREQ,0,0
1492,POLC78,AND,PREREQ,0,0
1493,POLC79,AND,PREREQ,0,0
1494,POLC80,AND,PREREQ,0,0
1495,POLC83,AND,PREREQ,0,0
1496,POLC87,AND,PREREQ,0,0
1497,POLC88,AND,PREREQ,0,0
1498,POLC90,AND,PREREQ,0,0
1499,POLC91,AND,PREREQ,0,0
1500,POLC92,AND,PREREQ,0,0
1501,POLC93,AND,PREREQ,0,0
1502,POLC94,AND,PREREQ,0,0
1503,POLC96,AND,PREREQ,0,0
1504,POLC97,AND,PREREQ,0,0
1505,POLC98,AND,PREREQ,0,0
1506,POLD02,AND,PREREQ,0,0
1507,POLD09,AND,PREREQ,0,0
1508,POLD10,AND,PREREQ,0,0
1509,POLD30,AND,PREREQ,0,0
1510,POLD31,AND,PREREQ,0,0
1511,POLD32,AND,PREREQ,0,0
1512,POLD38,AND,PREREQ,0,0
1513,POLD41,AND,PREREQ,0,0
1514,POLD42,AND,PREREQ,0,0
1515,POLD43,AND,PREREQ,0,0
1516,POLD44,AND,PREREQ,0,0
1517,POLD45,AND,PREREQ,0,0
1518,POLD46,AND,PREREQ,0,0
1519,POLD50,AND,PREREQ,0,0
1520,POLD51,AND,PREREQ,0,0
1521,POLD52,AND,PREREQ,0,0
1522,POLD53,AND,PREREQ,0,0
1523,POLD54,AND,PREREQ,0,0
1524,POLD55,AND,PREREQ,0,0
1525,POLD56,AND,PREREQ,0,0
1526,POLD58,AND,PREREQ,0,0
1527,POLD59,AND,PREREQ,0,0
1528,POLD67,AND,PREREQ,0,0
1529,POLD74,AND,PREREQ,0,0
1530,POLD75,AND,PREREQ,0,0
1531,POLD78,AND,PREREQ,0,0
1532,POLD82,AND,PREREQ,0,0
1533,POLD82,AND,COREQ,0,0
1534,POLD87,AND,PREREQ,0,0
1535,POLD89,AND,PREREQ,0,0
1536,POLD90,AND,PREREQ,0,0
1537,POLD91,AND,PREREQ,0,0
1538,POLD92,AND,PREREQ,0,0
1539,POLD94,AND,PREREQ,0,0
1540,POLD98,AND,PREREQ,0,0
1541,PPGB66,AND,PREREQ,0,0
1542,PPGC67,AND,PREREQ,0,0
1543,PPGD64,AND,PREREQ,0,0
1544,PPGD68,AND,PREREQ,0,0
1545,PSCB90,AND,PREREQ,0,0
1546,PSCD02,AND,PREREQ,0,0
1547,PSCD02,AND,COREQ,0,0
1548,PSCD11,AND,PREREQ,0,0
1549,PSCD50,AND,PREREQ,0,0
1550,PSYB03,AND,PREREQ,0,0
1551,PSYB03,AND,COREQ,0,0
1552,PSYB10,AND,PREREQ,0,0
1553,PSYB20,AND,PREREQ,0,0
1554,PSYB30,AND,PREREQ,0,0
1555,PSYB32,AND,PREREQ,0,0
1556,PSYB38,AND,PREREQ,0,0
1557,PSYB51,AND,PREREQ,0,0
1558,PSYB55,AND,PREREQ,0,0
1559,PSYB57,AND,PREREQ,0,0
1560,PSYB64,AND,PREREQ,0,0
1561,PSYB70,AND,PREREQ,0,0
1562,PSYB80,AND,PREREQ,0,0
1563,PSYB83,AND,PREREQ,0,0
1564,PSYB83,AND,COREQ,0,0
1565,PSYB90,AND,PREREQ,0,0
1566,PSYC01,AND,PREREQ,0,0
1567,PSYC02,AND,PREREQ,0,0
1568,PSYC03,AND,PREREQ,0,0
1569,PSYC08,AND,PREREQ,0,0
1570,PSYC09,AND,PREREQ,0,0
1571,PSYC10,AND,PREREQ,0,0
1572,PSYC12,AND,PREREQ,0,0
1573,PSYC13,AND,PREREQ,0,0
1574,PSYC14,AND,PREREQ,0,0
1575,PSYC15,AND,PREREQ,0,0
1576,PSYC16,AND,PREREQ,0,0
1577,PSYC17,AND,PREREQ,0,0
1578,PSYC18,AND,PREREQ,0,0
1579,PSYC19,AND,PREREQ,0,0
1580,PSYC21,AND,PREREQ,0,0
1581,PSYC22,AND,PREREQ,0,0
1582,PSYC23,AND,PREREQ,0,0
1583,PSYC24,AND,PREREQ,0,0
1584,PSYC27,AND,PREREQ,0,0
1585,PSYC28,AND,PREREQ,0,0
1586,PSYC30,AND,PREREQ,0,0
1587,PSYC31,AND,PREREQ,0,0
1588,PSYC34,AND,PREREQ,0,0
1589,PSYC36,AND,PREREQ,0,0
1590,PSYC37,AND,PREREQ,0,0
1591,PSYC38,AND,PREREQ,0,0
1592,PSYC39,AND,PREREQ,0,0
1593,PSYC50,AND,PREREQ,0,0
1594,PSYC51,AND,PREREQ,0,0
1595,PSYC52,AND,PREREQ,0,0
1596,PSYC53,AND,PREREQ,0,0
1597,PSYC54,AND,PREREQ,0,0
1598,PSYC56,AND,PREREQ,0,0
1599,PSYC57,AND,PREREQ,0,0
1600,PSYC59,AND,PREREQ,0,0
1601,PSYC62,AND,PREREQ,0,0
1602,PSYC70,AND,PREREQ,0,0
1603,PSYC71,AND,PREREQ,0,0
1604,PSYC72,AND,PREREQ,0,0
1605,PSYC73,AND,PREREQ,0,0
1606,PSYC73,AND,COREQ,0,0
1607,PSYC74,AND,PREREQ,0,0
1608,PSYC75,AND,PREREQ,0,0
1609,PSYC76,AND,PREREQ,0,0
1610,PSYC81,AND,PREREQ,0,0
1611,PSYC86,AND,PREREQ,0,0
1612,PSYC87,AND,PREREQ,0,0
1613,PSYC90,AND,PREREQ,0,0
1614,PSYC93,AND,PREREQ,0,0
1615,PSYD10,AND,PREREQ,0,0
1616,PSYD13,AND,PREREQ,0,0
1617,PSYD14,AND,PREREQ,0,0
1618,PSYD15,AND,PREREQ,0,0
1619,PSYD16,AND,PREREQ,0,0
1620,PSYD17,AND,PREREQ,0,0
1621,PSYD18,AND,PREREQ,0,0
1622,PSYD19,AND,PREREQ,0,0
1623,PSYD20,AND,PREREQ,0,0
1624,PSYD23,AND,PREREQ,0,0
1625,PSYD24,AND,PREREQ,0,0
1626,PSYD28,AND,PREREQ,0,0
1627,PSYD30,AND,PREREQ,0,0
1628,PSYD31,AND,PREREQ,0,0
1629,PSYD32,AND,PREREQ,0,0
1630,PSYD33,AND,PREREQ,0,0
1631,PSYD35,AND,PREREQ,0,0
1632,PSYD37,AND,PREREQ,0,0
1633,PSYD39,AND,PREREQ,0,0
1634,PSYD50,AND,PREREQ,0,0
1635,PSYD51,AND,PREREQ,0,0
1636,PSYD52,AND,PREREQ,0,0
1637,PSYD54,AND,PREREQ,0,0
1638,PSYD55,AND,PREREQ,0,0
1639,PSYD59,AND,PREREQ,0,0
1640,PSYD62,AND,PREREQ,0,0
1641,PSYD66,AND,PREREQ,0,0
1642,PSYD98,AND,PREREQ,0,0
1643,RLGC05,AND,PREREQ,0,0
1644,RLGC06,AND,PREREQ,0,0
1645,RLGC07,AND,PREREQ,0,0
1646,RLGC09,AND,PREREQ,0,0
1647,RLGC10,AND,PREREQ,0,0
1648,RLGC13,AND,PREREQ,0,0
1649,RLGC14,AND,PREREQ,0,0
1650,RLGC40,AND,PREREQ,0,0
1651,RLGC41,AND,PREREQ,0,0
1652,SOCB05,AND,PREREQ,0,0
1653,SOCB22,AND,PREREQ,0,0
1654,SOCB26,AND,PREREQ,0,0
1655,SOCB28,AND,PREREQ,0,0
1656,SOCB30,AND,PREREQ,0,0
1657,SOCB37,AND,PREREQ,0,0
1658,SOCB40,AND,PREREQ,0,0
1659,SOCB42,AND,PREREQ,0,0
1660,SOCB43,AND,PREREQ,0,0
1661,SOCB44,AND,PREREQ,0,0
1662,SOCB47,AND,PREREQ,0,0
1663,SOCB49,AND,PREREQ,0,0
1664,SOCB50,AND,PREREQ,0,0
1665,SOCB53,AND,PREREQ,0,0
1666,SOCB54,AND,PREREQ,0,0
1667,SOCB58,AND,PREREQ,0,0
1668,SOCB59,AND,PREREQ,0,0
1669,SOCB60,AND,PREREQ,0,0
1670,SOCB70,AND,PREREQ,0,0
1671,SOCC03,AND,PREREQ,0,0
1672,SOCC04,AND,PREREQ,0,0
1673,SOCC09,AND,PREREQ,0,0
1674,SOCC11,AND,PREREQ,0,0
1675,SOCC15,AND,PREREQ,0,0
1676,SOCC23,AND,PREREQ,0,0
1677,SOCC24,AND,PREREQ,0,0
1678,SOCC25,AND,PREREQ,0,0
1679,SOCC26,AND,PREREQ,0,0
1680,SOCC27,AND,PREREQ,0,0
1681,SOCC29,AND,PREREQ,0,0
1682,SOCC30,AND,PREREQ,0,0
1683,SOCC31,AND,PREREQ,0,0
1684,SOCC32,AND,PREREQ,0,0
1685,SOCC34,AND,PREREQ,0,0
1686,SOCC37,AND,PREREQ,0,0
1687,SOCC38,AND,PREREQ,0,0
1688,SOCC40,AND,PREREQ,0,0
1689,SOCC44,AND,PREREQ,0,0
1690,SOCC45,AND,PREREQ,0,0
1691,SOCC46,AND,PREREQ,0,0
1692,SOCC47,AND,PREREQ,0,0
1693,SOCC49,AND,PREREQ,0,0
1694,SOCC50,AND,PREREQ,0,0
1695,SOCC51,AND,PREREQ,0,0
1696,SOCC52,AND,PREREQ,0,0
1697,SOCC54,AND,PREREQ,0,0
1698,SOCC55,AND,PREREQ,0,0
1699,SOCC57,AND,PREREQ,0,0
1700,SOCC58,AND,PREREQ,0,0
1701,SOCC59,AND,PREREQ,0,0
1702,SOCC61,AND,PREREQ,0,0
1703,SOCC70,AND,PREREQ,0,0
1704,SOCD01,AND,PREREQ,0,0
1705,SOCD02,AND,PREREQ,0,0
1706,SOCD05,AND,PREREQ,0,0
1707,SOCD08,AND,PREREQ,0,0
1708,SOCD10,AND,PREREQ,0,0
1709,SOCD11,AND,PREREQ,0,0
1710,SOCD12,AND,PREREQ,0,0
1711,SOCD13,AND,PREREQ,0,0
1712,SOCD15,AND,PREREQ,0,0
1713,SOCD18,AND,PREREQ,0,0
1714,SOCD20,AND,PREREQ,0,0
1715,SOCD21,AND,PREREQ,0,0
1716,SOCD25,AND,PREREQ,0,0
1717,SOCD30,AND,PREREQ,0,0
1718,SOCD32,AND,PREREQ,0,0
1719,SOCD40,AND,PREREQ,0,0
1720,SOCD41,AND,PREREQ,0,0
1721,SOCD42,AND,PREREQ,0,0
1722,SOCD44,AND,PREREQ,0,0
1723,SOCD50,AND,PREREQ,0,0
1724,SOCD51,AND,PREREQ,0,0
1725,SOCD52,AND,PREREQ,0,0
1726,STAA57,AND,PREREQ,0,0
1727,STAB27,AND,PREREQ,0,0
1728,STAB40,AND,PREREQ,0,0
1729,STAB41,AND,PREREQ,0,0
1730,STAB52,AND,PREREQ,0,0
1731,STAB53,AND,PREREQ,0,0
1732,STAB57,AND,PREREQ,0,0
1733,STAC32,AND,PREREQ,0,0
1734,STAC33,AND,PREREQ,0,0
1735,STAC50,AND,PREREQ,0,0
1736,STAC51,AND,PREREQ,0,0
1737,STAC53,AND,PREREQ,0,0
1738,STAC58,AND,PREREQ,0,0
1739,STAC62,AND,PREREQ,0,0
1740,STAC63,AND,PREREQ,0,0
1741,STAC67,AND,PREREQ,0,0
1742,STAC70,AND,PREREQ,0,0
1743,STAC70,AND,COREQ,0,0
1744,STAD29,AND,PREREQ,0,0
1745,STAD37,AND,PREREQ,0,0
1746,STAD57,AND,PREREQ,0,0
1747,STAD68,AND,PREREQ,0,0
1748,STAD70,AND,PREREQ,0,0
1749,STAD70,AND,COREQ,0,0
1750,STAD78,AND,PREREQ,0,0
1751,STAD80,AND,PREREQ,0,0
1752,STAD81,AND,PREREQ,0,0
1753,STAD91,AND,PREREQ,0,0
1754,STAD92,AND,PREREQ,0,0
1755,STAD93,AND,PREREQ,0,0
1756,STAD94,AND,PREREQ,0,0
1757,STAD95,AND,PREREQ,0,0
1758,THRA11,AND,PREREQ,0,0
1759,THRB30,AND,PREREQ,0,0
1760,THRC41,AND,PREREQ,0,0
1761,THRC44,AND,PREREQ,0,0
1762,THRC50,AND,PREREQ,0,0
1763,THRC55,AND,PREREQ,0,0
1764,THRC56,AND,PREREQ,0,0
1765,THRD30,AND,PREREQ,0,0
1766,THRD31,AND,PREREQ,0,0
1767,THRD55,AND,PREREQ,0,0
1768,THRD56,AND,PREREQ,0,0
1769,THRD60,AND,PREREQ,0,0
1770,THRD90,AND,PREREQ,0,0
1771,THRD91,AND,PREREQ,0,0
1772,VPAA12,AND,PREREQ,0,0
1773,VPAB13,AND,PREREQ,0,0
1774,VPAB16,AND,PREREQ,0,0
1775,VPAB17,AND,PREREQ,0,0
1776,VPAB18,AND,PREREQ,0,0
1777,VPAC13,AND,PREREQ,0,0
1778,VPAC15,AND,PREREQ,0,0
1779,VPAC16,AND,PREREQ,0,0
1780,VPAC17,AND,PREREQ,0,0
1781,VPAC18,AND,PREREQ,0,0
1782,VPAC21,AND,PREREQ,0,0
1783,VPAC22,AND,PREREQ,0,0
1784,VPAD10,AND,PREREQ,0,0
1785,VPAD12,AND,PREREQ,0,0
1786,VPAD14,AND,PREREQ,0,0
1787,VPHB39,AND,PREREQ,0,0
1788,VPHB40,AND,PREREQ,0,0
1789,VPHB50,AND,PREREQ,0,0
1790,VPHB53,AND,PREREQ,0,0
1791,VPHB58,AND,PREREQ,0,0
1792,VPHB59,AND,PREREQ,0,0
1793,VPHB63,AND,PREREQ,0,0
1794,VPHB64,AND,PREREQ,0,0
1795,VPHB68,AND,PREREQ,0,0
1796,VPHB73,AND,PREREQ,0,0
1797,VPHB74,AND,PREREQ,0,0
1798,VPHB77,AND,PREREQ,0,0
1799,VPHB78,AND,PREREQ,0,0
1800,VPHB79,AND,PREREQ,0,0
1801,VPHC41,AND,PREREQ,0,0
1802,VPHC42,AND,PREREQ,0,0
1803,VPHC45,AND,PREREQ,0,0
1804,VPHC49,AND,PREREQ,0,0
1805,VPHC49,AND,COREQ,0,0
1806,VPHC52,AND,PREREQ,0,0
1807,VPHC53,AND,PREREQ,0,0
1808,VPHC54,AND,PREREQ,0,0
1809,VPHC63,AND,PREREQ,0,0
1810,VPHC68,AND,PREREQ,0,0
1811,VPHC72,AND,PREREQ,0,0
1812,VPHC73,AND,PREREQ,0,0
1813,VPHC74,AND,PREREQ,0,0
1814,VPHC75,AND,PREREQ,0,0
1815,VPHD48,AND,PREREQ,0,0
1816,VPSB01,AND,PREREQ,0,0
1817,VPSB02,AND,PREREQ,0,0
1818,VPSB58,AND,PREREQ,0,0
1819,VPSB59,AND,PREREQ,0,0
1820,VPSB61,AND,PREREQ,0,0
1821,VPSB62,AND,PREREQ,0,0
1822,VPSB67,AND,PREREQ,0,0
1823,VPSB69,AND,PREREQ,0,0
1824,VPSB70,AND,PREREQ,0,0
1825,VPSB71,AND,PREREQ,0,0
1826,VPSB73,AND,PREREQ,0,0
1827,VPSB74,AND,PREREQ,0,0
1828,VPSB76,AND,PREREQ,0,0
1829,VPSB77,AND,PREREQ,0,0
1830,VPSB80,AND,PREREQ,0,0
1831,VPSB81,AND,PREREQ,0,0
1832,VPSB85,AND,PREREQ,0,0
1833,VPSB86,AND,PREREQ,0,0
1834,VPSB88,AND,PREREQ,0,0
1835,VPSB89,AND,PREREQ,0,0
1836,VPSB90,AND,PREREQ,0,0
1837,VPSC04,AND,PREREQ,0,0
1838,VPSC51,AND,PREREQ,0,0
1839,VPSC53,AND,PREREQ,0,0
1840,VPSC54,AND,PREREQ,0,0
1841,VPSC56,AND,PREREQ,0,0
1842,VPSC70,AND,PREREQ,0,0
1843,VPSC71,AND,PREREQ,0,0
1844,VPSC73,AND,PREREQ,0,0
1845,VPSC75,AND,PREREQ,0,0
1846,VPSC76,AND,PREREQ,0,0
1847,VPSC77,AND,PREREQ,0,0
1848,VPSC80,AND,PREREQ,0,0
1849,VPSC85,AND,PREREQ,0,0
1850,VPSC90,AND,PREREQ,0,0
1851,VPSC91,AND,PREREQ,0,0
1852,VPSC92,AND,PREREQ,0,0
1853,VPSC93,AND,PREREQ,0,0
1854,VPSC94,AND,PREREQ,0,0
1855,VPSC95,AND,PREREQ,0,0
1856,VPSD55,AND,PREREQ,0,0
1857,VPSD56,AND,PREREQ,0,0
1858,VPSD61,AND,PREREQ,0,0
1859,VPSD63,AND,PREREQ,0,0
1860,WSTB05,AND,PREREQ,0,0
1861,WSTB06,AND,PREREQ,0,0
1862,WSTB09,AND,PREREQ,0,0
1863,WSTB10,AND,PREREQ,0,0
1864,WSTB11,AND,PREREQ,0,0
1865,WSTB12,AND,PREREQ,0,0
1866,WSTB13,AND,PREREQ,0,0
1867,WSTB20,AND,PREREQ,0,0
1868,WSTB23,AND,PREREQ,0,0
1869,WSTB25,AND,PREREQ,0,0
1870,WSTC02,AND,PREREQ,0,0
1871,WSTC10,AND,PREREQ,0,0
1872,WSTC12,AND,PREREQ,0,0
1873,WSTC13,AND,PREREQ,0,0
1874,WSTC14,AND,PREREQ,0,0
1875,WSTC16,AND,PREREQ,0,0
1876,WSTC21,AND,PREREQ,0,0
1877,WSTC22,AND,PREREQ,0,0
1878,WSTC23,AND,PREREQ,0,0
1879,WSTC24,AND,PREREQ,0,0
1880,WSTC25,AND,PREREQ,0,0
1881,WSTC26,AND,PREREQ,0,0
1882,WSTC28,AND,PREREQ,0,0
1883,WSTC40,AND,PREREQ,0,0
1884,WSTC97,AND,PREREQ,0,0
1885,WSTD08,AND,PREREQ,0,0
1886,WSTD09,AND,PREREQ,0,0
1887,WSTD10,AND,PREREQ,0,0
1888,WSTD11,AND,PREREQ,0,0
1889,WSTD16,AND,PREREQ,0,0
1890,WSTD30,AND,PREREQ,0,0
1891,WSTD46,AND,PREREQ,0,0
